{"_step":831,"loss":0.04641712084412575,"epoch":13,"_wandb":{"runtime":120},"batch":51,"_timestamp":1.7428029836290698e+09,"_runtime":120.010288326}